acquirer_revenue,target_revenue,deal_value,industry_match,market_sentiment,prior_deals_acquirer,success
1935.2465823520763,596.142140073928,2101.0284130498885,0,-0.4269609021457541,16,0
4758.500101408589,1648.6077947661565,1983.3606045852787,0,0.6052806247058593,27,1
3686.770314875885,2625.1902158354046,7250.974098363083,0,0.9944757998072054,8,0
3033.4265725654795,2210.0634149082057,2003.8741367975538,1,-0.9399479893412144,1,0
864.4913381679389,2429.3553861912765,2182.8783117677617,0,0.7947317315818638,24,1
864.373149647393,1993.4109317966163,6077.59211671953,1,0.2452610671973161,25,1
384.6096996241774,2092.2158653276647,3603.4213411798146,1,0.9467652383296423,17,1
4344.263114297182,2555.1271721176918,6215.917350071898,0,-0.06998096494714479,8,0
3045.4635575417233,786.5206261345985,532.275598939438,0,0.6947758611427475,5,0
3569.555631200623,1493.8036427472643,3905.6938374503407,1,-0.8752118628034455,10,1
200.86402204943198,702.5678533678266,278.5726654644282,1,-0.32944189984340855,24,1
4852.558275593772,2963.6206235901086,510.59909560828265,0,-0.8659669244975801,28,0
4178.968939922066,2834.975052075509,7252.435252221843,0,0.9506862669581411,5,0
1140.4616423235532,166.3090935370924,1122.5705152295855,0,0.6339478145436734,5,0
990.942339314793,2131.446758921281,4264.041251378984,1,0.705094842491941,12,1
998.6820982818257,2779.4825363762143,3294.653864779645,1,0.8759304628677884,10,1
1590.7869905017349,582.697268125634,2785.273176808153,1,-0.8297930277604293,13,1
2671.306514997965,1725.4384301302568,7199.668432041307,1,-0.22880481497333327,1,0
2216.530591346367,2750.6904778847234,184.3689402361611,1,-0.8579302219119957,7,1
1527.0227869704054,150.14063682810658,5313.679592542957,0,-0.5784137968999428,2,0
3098.0791841396594,2107.389788378178,7707.521529366268,0,-0.5412684459246553,22,0
783.519917195005,927.1795717490247,4485.743785860117,1,-0.061785577904842626,20,1
1531.5087778225688,2776.968776360765,7495.211471644404,1,-0.4628756650927148,2,0
1895.1730321390894,2914.621823237835,427.5404554953299,0,-0.7980437863644778,0,0
2334.742922663476,2835.58614288463,3356.1586194025494,0,-0.6650178218117846,23,0
3947.362210825767,1448.9319391395181,2088.660749786789,0,-0.7054488728958181,18,0
1078.4015325759628,2593.0258204184747,5849.259510196031,0,0.9461535958245966,17,0
2619.748748226697,2541.4207256784575,7850.563753073001,1,0.5185850138369472,16,1
3002.831387424008,991.3463960676041,2059.67519892954,0,0.9355229305391239,19,1
327.60702232798883,2495.300648744498,5236.855065777855,1,-0.12051902698418293,28,0
3076.969774317048,159.17252241070324,1592.8000857503237,0,-0.4432630366746868,23,0
935.5682060677285,1808.9961415220564,4526.988734027163,0,0.5965863944183734,12,1
418.75280562786963,728.526069998724,3716.8205686398064,0,-0.34749216391770643,2,0
4749.539132541333,405.67231304297246,7776.322583755981,1,-0.4012332525893034,29,0
4831.59696206534,277.011944806167,4872.132908844767,1,-0.5349880155843376,0,0
4061.1470057706597,2104.051888840512,2802.555912973682,0,-0.7406420435515293,3,0
1592.6074689495163,1052.631143115795,921.6253212545877,1,-0.48707387796646806,24,1
578.593358631281,2188.061976009846,1218.4621615921271,1,-0.2893605030522246,12,1
3452.741829909569,242.80120535688,1810.2822703103684,0,0.3479884162914608,16,1
2256.7472193240465,980.1064966003005,2015.2236241089809,0,-0.8748703155610968,27,0
697.9873507394162,1641.499312507245,6806.422302150691,1,-0.5789861206693141,29,0
2526.366859545224,2382.6333362749424,4494.170078377374,1,0.6180472805833528,10,1
268.50375346457014,990.3198836496063,4191.893381881187,1,-0.7061561528324585,1,0
4555.6699701860325,1896.3795604891768,927.0032862350475,0,-0.3147097069549569,24,0
1368.0219098400828,2663.634357296752,6882.5161498619855,0,0.7293178437162802,15,0
3346.3591933345115,1866.7964051377985,5785.286282635785,1,-0.6901493777131147,1,0
1627.3842728381137,737.2304505232196,550.6702115810126,0,-0.8345263287636202,28,0
2648.3333037712728,121.98230559178717,5665.602426865852,0,-0.03092400983997834,18,0
2778.8803687820705,2616.791678007743,4352.870356567742,1,-0.3951609774429272,22,1
1005.7868320750825,112.74476200864206,662.9855125167583,1,0.12681672896770824,18,1
4850.9646760463365,2630.3699344183883,3671.822125813965,0,0.6076097809669503,24,1
3898.150834469461,1610.3645453802753,3882.7233341690753,0,-0.7257030236945137,15,0
4703.544813664526,2820.2497106130436,1334.5385759045732,1,0.16139816910856997,21,1
4484.6540170954795,2406.410545532313,7566.128194532255,0,0.01101752077972784,18,0
3029.7098961743172,2993.9056260733455,6801.303218130489,0,-0.7118424279736009,8,0
4617.183751613273,1084.599855582545,5355.488475259575,1,0.2479969710579648,0,0
533.6132600544056,2313.205452346824,3703.7415323948517,1,-0.4527191642784567,9,1
1060.3160258538114,1235.6961951472645,3300.006677260223,0,-0.02433136291197502,18,0
321.61371566163655,1465.6330798965312,5211.2780025361235,0,-0.8354553514458762,0,0
1694.1186207399953,1901.1411164941917,4368.000636561174,0,-0.08083188557275389,1,0
2004.518719478462,2627.347486849699,507.5621159962661,1,-0.38707306391435936,15,1
1429.61025569209,2953.0462341379207,4104.89616367495,0,0.6447624223707087,11,1
4160.813794844454,2316.4065709003285,6453.1649016903875,0,-0.8860425460052634,7,0
1848.0913007985876,1282.4120073936347,3679.326621999695,1,-0.16278545016334012,22,1
1476.5790974681656,1293.0031567173571,425.13305465860464,1,-0.083137151737124,17,1
2759.2108074754174,2225.86778968723,6292.362813078425,0,0.45001215259823746,1,0
790.5287023763369,754.3925800164919,1618.8966192664354,1,0.148575150180422,24,1
4030.7652056947945,375.89863373761426,2076.38047075543,1,0.3344246743883621,28,1
465.298154030877,1096.1353650402907,1326.0037639240443,0,0.5540985713035123,12,1
4935.745989342535,897.3550253795411,2648.4183683232654,1,0.7244059473163775,5,1
3883.9993695536214,924.1089553451708,6056.444530452194,1,-0.372249006555059,20,0
1073.7068395174447,739.1428655972343,4159.89301743646,0,0.0760454107278059,25,1
127.05837390565176,174.17490942726755,1647.0013804641933,1,0.6802161568783998,5,1
4095.7609994286872,102.72810746357074,7023.862324434806,0,0.9789022619301129,8,0
3563.600984853324,2963.781049721293,7037.859021062718,0,0.7790386220875263,15,0
3672.135123400838,1311.930744520794,6965.9216161175955,1,-0.2570654747512464,10,0
3879.2246987611343,1183.7636091210609,1917.981728938499,1,-0.6096669655626992,6,1
462.81879349704275,2054.9594839445563,3615.402360006095,1,-0.021214925186822553,9,1
1856.4820698669357,693.8489692019393,7880.067352565592,0,0.4832829036720845,9,0
667.7583916731356,2852.385492653165,6178.379685716823,1,-0.014861858493404823,29,0
4329.206786790408,2369.7177925258784,227.06769559222295,0,-0.03363827337266301,24,0
3154.160821455034,313.7624568211656,530.9846841713315,1,0.6764608421636011,19,1
1721.400321777981,1281.8632885655386,3716.8117007305386,1,-0.2771924418656273,17,1
411.4359164015158,2643.399007308386,7274.669444833866,1,0.7195893496232912,27,1
1623.8133764067447,2836.9594657596604,4314.227365642187,0,-0.1863903980965529,23,0
1693.3982779310604,1428.8344581871156,3987.521939193979,1,-0.3435337886433212,19,1
3675.0702738565137,1859.5635981715877,852.7348626534783,1,-0.092020177600602,28,1
3224.0316096405445,542.7501409716219,5257.673036747109,0,0.5248939173497369,8,0
4447.342438624,2973.9474471040808,6578.604253195802,0,-0.7479959442720114,14,0
2413.8531332935518,733.4315190811581,3049.555859985423,1,-0.6071615682559652,3,0
686.0118050976783,2831.0587336986205,6207.138688893367,1,0.9028896513261839,7,1
3594.8994573926757,1966.4576145274868,7716.168464667485,1,-0.6490167452372853,8,0
3827.8467382227973,1842.8235448926343,1638.0940084302358,0,0.13545463586210915,12,1
2850.2582680905316,1562.4311074987004,4191.403753245983,0,0.15862893332387573,8,1
3877.7391817773487,730.4759445673882,2304.2322850957585,0,-0.02075107589951042,25,0
2519.5984221855147,570.7576944162494,6344.906808080376,0,0.28949049715363717,3,0
2661.390863971771,700.4343167570173,4624.970993390449,1,-0.5403465484047631,16,1
2194.9509899568934,599.9928733255508,5080.313516226927,0,0.10532453555349641,15,0
224.5537210460664,2349.774197021922,6385.334135330993,0,-0.2556534895062057,14,0
628.6679922671918,1082.8695145418537,3173.8040765730148,0,0.3233345192583781,2,0
254.00300986499784,220.63589586201928,7321.569646572275,1,-0.7175529132537011,24,0
3218.411015192524,2908.852758915393,4268.900649296658,1,0.14175483367895247,19,1
1640.3443072740008,2657.1683606421057,1272.0590344544305,0,-0.6294592892333526,4,0
2591.9963867070437,2786.8692354258783,5570.2339541687315,0,-0.4427138737699272,22,0
4547.075722237856,2984.978076806984,6348.158190001653,1,-0.5625803993528335,4,0
1321.5319228294873,562.9909851974875,2540.925799769538,1,-0.6343244402623658,19,1
2110.8763228745856,1218.9139557628432,6858.8622634200365,1,0.651421903121334,14,1
3802.2005788609385,2286.8035033270694,7250.084605578473,1,-0.4285848646782193,17,0
1221.11101090895,2103.260823258687,2222.4668541486935,1,0.8542475637288987,14,1
477.20155816108564,503.9929237025724,7868.336566994624,1,0.9398530506903817,1,0
1519.7821192774634,2456.7077187223226,1134.2851091095797,1,0.14252093987419467,28,1
889.9843075446216,712.0996869181489,1624.1051905358947,1,-0.7139977546685472,12,1
4655.518496478608,710.261963726738,1481.9564655118288,0,-0.2509035132408375,3,0
4059.789859865643,1634.07454753557,7152.977782962885,0,0.595464526696428,9,0
3203.678406901075,1799.1728077830244,5237.797493076445,0,-0.2652185426058591,12,0
4370.156891919817,1761.254313121543,1225.3132229459602,0,-0.8259655633944225,9,0
4037.993176805661,319.88617032337686,3528.1841127631083,0,0.11356982185637587,28,1
1014.1932885415756,2638.5095447596223,4926.231220307718,0,0.6902417029920696,8,1
4473.539092600891,833.5201256366829,676.8780390651725,1,0.5918527742870048,7,1
2742.7769853866885,432.0690177842723,7060.506783574637,1,-0.6497537197392935,2,0
4056.4567603039063,2671.8068356134827,6430.792248177866,0,0.3455292288249334,15,0
4490.847369625117,2869.1719197777725,4046.6021208773395,0,-0.5589914731287058,13,0
1658.217027362133,2593.2764709330795,7737.341655920772,1,-0.5635849308956555,8,0
639.2544301856161,2438.0724204383905,3347.9102244080464,1,0.7481435466103703,29,1
1216.8822964555143,1982.963842885114,7873.041449101617,1,-0.5006620945195397,20,0
2192.828164268656,1675.0292432969609,5346.680790440981,0,-0.47350530696397763,10,0
4108.2723530202165,306.6109417386599,5081.023473298992,1,-0.9986932184774009,2,0
4317.579857956083,1254.9369785585611,1335.979613413322,0,0.7413380682510353,4,0
134.06543960283443,1149.4311251863262,7056.602788854106,0,0.5851896264182694,28,0
2602.661782630072,816.2736620929624,3425.642606485715,1,0.254657870181356,9,1
2145.313915429017,2184.089335381326,1306.24491220201,1,0.5005315278776845,12,1
1188.3282713065782,1512.8334184823739,110.73408460631474,0,-0.6959028651510164,3,0
687.3402999350458,289.08633692756143,4482.447912270677,1,-0.08335281082484913,23,1
1754.314339877777,699.5404457519435,4223.922980760184,1,-0.2975612253024382,12,1
4720.257549171344,2065.613352795808,5757.635442729577,0,-0.812446947485967,11,0
1683.6943669017007,274.58603549638553,7123.161843612239,1,-0.02773902957015184,4,0
2642.0740465424938,2561.060396443868,644.4586112978059,0,0.8414793006852708,9,1
3544.7928985863714,1510.6822546912242,5854.656957819495,0,-0.919881761898611,27,0
1881.7850516585404,1467.7304031136116,1507.421433339682,1,-0.41707817301241223,23,1
4861.732205332707,1797.6029647455769,6866.83465472574,0,-0.5849181275885931,8,0
4815.991745216345,2482.80884947919,6554.317475754632,0,-0.5237066926686074,19,0
1333.7332495442843,1076.0371633114696,4330.942102334499,1,0.8168691037587505,6,1
2536.5176788726885,2050.147650049237,5684.839961000259,1,-0.06386189153141975,1,0
1574.3037181021714,1718.9092937875837,2521.6574043381497,1,-0.0674011741203624,21,1
1495.7184224495913,837.733396999793,3774.631512473189,0,0.5211512849105646,23,1
280.7460420372107,2641.958459747716,6574.878812706668,0,-0.6910155919901484,27,0
3086.8652365014946,2402.406763740438,3679.528925413979,1,-0.02546929179989843,22,1
2563.1272138214213,1992.4329122423553,2868.80813995028,0,-0.14002957175788056,6,0
352.2458811249478,2559.2161008280136,3958.7574535298963,1,0.19382138109331226,7,1
1465.367674759396,2608.517892831417,6627.711526973375,1,0.9991154065008772,6,1
4550.502841236603,2139.6707813093526,2688.312298493273,0,0.5388977881640942,20,1
1273.8532642681648,2519.1893186728325,1398.355129154593,1,-0.20426859396514563,22,1
809.9848732469932,2107.5408119243866,5698.992022442938,0,0.6551061045480939,28,0
2498.3185253600586,2056.4152766928864,6609.565919537574,0,-0.6585832733750396,13,0
4929.687225141944,1874.9035657347938,814.0934534030313,1,-0.9390726273820797,25,1
1286.0708304063521,2270.5140866950414,1926.5941609199983,0,-0.5911032550714539,18,0
3393.4641822888047,517.8850606145675,1144.3561981903413,1,-0.3191768877714807,4,0
3831.936115110716,2648.568739636839,2790.0518785415115,0,0.021161514919119773,22,1
1264.4239655627584,2621.938406848434,3608.304321454247,0,0.23025828108239965,24,1
3668.260108198112,136.27948495194948,5993.122432336819,0,0.8212114344288435,17,0
1902.1373503243408,2486.15941416605,5212.669203204577,1,0.019708019100915353,19,1
3198.2985699085393,430.16610904666334,4971.219254152665,0,0.002551289251458755,11,1
3204.295582728384,1038.6006200644686,2825.4758234111387,1,-0.8995139803540357,22,1
2725.2959519663164,2243.349356060243,6733.165949147232,0,-0.9301768946875524,16,0
542.4198732666007,524.2416933425093,3775.584467511335,0,0.10231992383274413,12,1
4192.982228387265,2463.0027211512333,7833.048454741084,1,-0.12364277350331099,1,0
1671.8223183615055,2504.7958249753387,5076.795684982937,1,0.6783607899605972,24,1
1013.9407009592858,1547.0298145944669,1018.8552851003768,1,-0.6786408305763096,12,1
299.7981936183432,68.83832156465905,5412.658720982718,1,-0.9500566757659008,25,0
2995.3754216223847,896.7624928659927,2607.5810832992747,1,-0.10192246413974826,6,1
3420.065373027184,1869.9344092084395,5493.754301521918,0,-0.525042886495485,27,0
181.28036174649515,2944.4992251808994,566.4327738176219,0,-0.9007712533223251,9,0
2609.2559856664766,1913.8499046991717,1407.3026830359156,1,0.4491965736952579,22,1
1209.829298469896,816.4205641392714,6847.340698657233,0,-0.776814000085505,5,0
3261.346673006304,1920.3168241438534,1825.164660617884,0,0.21663900001554337,2,0
954.3955021244581,1642.9568701617736,6697.958590691091,0,-0.4379004996662217,25,0
3485.594916702083,2350.5439156958737,2241.4159467507393,1,-0.653007899289956,2,0
1995.0031968726332,365.5928845395273,5146.626461369074,0,-0.24049695416136507,17,0
4689.976944809999,2295.0323123809826,5556.263082343549,0,0.6028915524459073,10,0
773.8526263153669,1646.7364070945252,4106.111477628973,0,-0.2158128461908546,21,0
1771.2251201462666,2890.826411384034,2449.432306806883,1,0.5015392984221114,19,1
656.0202540788864,1058.522889814124,1709.028567205058,0,-0.7490274064016986,4,0
4630.998729564958,1916.234584745147,275.1829429537855,0,0.5455428393301582,18,1
4398.962831566807,2799.4829112545517,2438.531745913383,1,-0.5261333501867027,21,1
1363.9139758042625,352.4036975725038,5228.770696344951,1,0.3547862597777456,26,1
3333.9218255674773,2814.824037347531,7507.055499403376,0,0.1315631096819927,27,0
4104.388780985957,2079.2628807873994,6970.923813281785,0,0.8582894344233747,18,0
2820.4839768373654,250.1193243602571,6130.857564517068,1,-0.22535496404937194,29,0
2695.287833944432,937.8425224931079,6309.694272593856,1,-0.8676696223311191,14,0
1285.0762254122133,2139.107661503581,5323.229378773202,1,-0.9616890288974942,29,0
556.2035622489061,248.6842743328765,2089.691991952364,1,0.6537171219455062,15,1
4496.3572139713015,1767.4028575200061,7258.488295339581,1,0.04947127532286433,23,1
4512.0484801003195,1070.3550180112225,5369.151172127614,1,0.5504881036698985,8,1
3202.197140639013,1881.7007774140575,4487.920641533715,1,-0.5311487999769706,3,0
1761.2459761386333,184.9389997469129,896.8058590157137,0,-0.30983250897353254,14,0
1811.1269156020383,2621.03357814951,3581.973795013339,1,-0.9397922555773621,24,1
3657.182826464173,2921.792459073321,3688.262586903391,1,0.9229846491482243,11,1
4495.840273767628,2908.1896730927897,6917.863240086133,0,0.33573581340162684,22,0
4446.7234788990745,2261.472903641628,4377.71927930043,1,0.8664101755186124,2,1
3921.390174702357,433.7544083853643,3049.400386273573,1,-0.46900718514185535,22,1
3245.95506615601,2286.876427990617,7814.634624800168,0,0.22292722245132168,13,0
512.2858284757392,122.53140355346446,894.6575406772622,1,0.3569999365852756,16,1
891.9806990636075,115.2644770105419,3386.1619422124377,0,-0.3649005994848231,18,0
4502.915523782688,1004.6501464911466,345.7771546195283,0,0.6962184700312601,5,0
3071.5023923319904,1491.497411693764,5921.833924927773,0,0.8943229258004957,3,0
145.06555292148528,2322.70188253299,7345.431652071214,0,0.7697102353920087,6,0
597.2105600435573,2065.7213609891905,2247.4982631084104,1,0.4781339518787451,29,1
3351.1586686294736,1365.4129838114077,6868.149997624976,0,-0.44507064055009193,18,0
124.80176084647157,857.1986655309144,2344.8236613905633,0,-0.4367679157887365,16,0
887.9594519457434,2991.517275465248,7287.053591534883,1,0.9267206408920758,24,1
2788.795567896272,1307.2348415961203,6034.155609738304,0,-0.9794310081286159,15,0
3490.286468694197,1381.5917217725428,6441.205146963095,0,0.43209994648428895,14,0
3294.6101715627424,532.6902725154241,153.87237924763144,0,0.41249232511052436,21,1
1198.9196163567428,2394.6881688122917,7702.854753021467,0,0.2453790818995949,7,0
3589.6781846029257,2096.3625660553917,5816.101226641883,1,0.9802176921737316,18,1
1262.5205287343204,701.2703577268431,2444.961252135205,0,-0.37624112847254954,7,0
1694.4585209804118,293.02408456673595,6636.863372222187,1,-0.32005627241350365,17,0
3757.807885078318,2057.4729411204034,2259.35437533529,1,-0.8421211941068889,27,1
3283.201205331352,1980.808082129349,6983.303178133362,0,-0.1144037269125251,15,0
4261.194711421472,856.1156046447175,909.5173193913768,0,-0.4779029475303038,19,0
3322.3031722716823,2855.0475086387105,5632.450959911758,0,-0.31322659564471156,18,0
2884.712156343811,495.6207807536557,4330.180828392834,0,0.6691435805112553,9,1
559.0063623576532,1325.3876630756756,781.3104168615721,1,0.8709690270549915,16,1
1901.8074349912242,2833.666964494417,1942.7316877881235,1,-0.6285338559896287,12,1
1399.4916016404547,1288.195584932061,109.10824985574517,1,-0.25498213689306826,12,1
1295.5492525575096,1933.6515456090524,3755.4560440614014,0,0.8572611242307882,6,1
4867.751718286983,1222.9034739902431,2417.109433472403,1,-0.8763830786215547,26,1
2026.178850867126,858.9348469285766,4790.8762995390925,0,-0.815278943777243,9,0
4471.028120367855,2952.7340614814934,2384.930083591851,0,-0.6744180215875413,1,0
3192.579267386588,1257.535318629377,2406.353700940808,0,0.1904256682537495,3,0
3994.575387354077,2687.5926508534467,5948.113657865511,0,-0.6990554579880051,24,0
2562.9217562154413,728.3660873787043,394.66125946704403,0,0.936152762901467,5,0
2926.8290346691597,678.6588768739957,7224.131011583978,1,-0.10657094548295931,23,0
2513.336699712433,141.84554450930852,6819.58835638554,1,0.0030359207003327615,17,1
1056.690640210418,1972.417134858861,5345.759418978988,0,-0.506682768389187,22,0
3640.015364781376,1137.1527139850953,4749.840345158001,1,-0.05807949513053301,5,0
1475.7845759601935,2599.8568370269295,7139.496960135822,0,0.32382726527402306,28,0
219.14823551412383,1445.9692247400935,1490.7881344344285,0,0.5023542739080855,29,1
3262.8142499451224,2906.170612348429,640.9636059047206,0,0.507736165419826,24,1
967.8423290945399,597.3002713242074,1923.6862575772095,1,0.15578222538817665,22,1
4708.24706332928,2612.438345469052,6358.68044681452,0,0.8087195499877144,16,0
4774.250027312678,2340.960715735638,287.01543114460173,0,0.6348156946122188,13,1
4582.835512080198,2324.219441699953,4666.626612317082,1,0.5140962293972509,23,1
1913.7776312516776,2542.1105229448185,7963.545754368566,1,-0.8887889566390788,10,0
175.7374209914504,2295.0207732818467,6847.01178976194,1,-0.9862440755607014,25,0
4648.760956679855,1897.3499488126754,4176.35105545828,0,-0.5751054456090541,18,0
2198.1023267548403,437.17238916304336,518.4908652002723,0,0.32704718782690456,29,1
4836.608613313981,145.95222949919315,6652.674379941822,1,-0.17760502223490837,1,0
4821.7378877373385,2766.5011510562763,4795.838280335912,0,-0.19518748140137654,27,0
4279.746331790065,1869.1184278361773,928.314646505939,1,0.7691737764592275,2,1
1542.7995711409699,2399.7850083797202,759.919705738616,1,0.7911256962636775,10,1
1986.9788701494338,1470.4909369620227,7277.918287298373,0,0.8183505281071715,5,0
4270.569690432599,396.0591574390637,5356.910100875247,0,-0.3722438469699454,28,0
1652.9178252657605,419.2980869975238,6636.0015265408765,1,0.3821116254785235,13,1
930.5144587618532,2072.4175973254655,7033.041413255316,1,-0.4567336374512607,18,0
2828.3261860459156,1319.402389953415,4578.461092866094,1,-0.6187803338511004,25,1
4687.158393387826,641.5479437659933,4144.39635052278,1,-0.6307350853052616,15,1
3510.5460037073676,1500.2039128872389,3449.1150084647115,0,-0.31578475827281194,20,0
2893.2997334378883,239.41636437164556,2542.403236451043,1,-0.14008476044035656,21,1
576.1648194767658,1766.8156356474765,3482.421727261107,1,0.6618983421101368,23,1
3113.5354108259316,843.5305430835381,6193.29844928395,1,-0.7602178130545758,6,0
4951.26386551089,2402.799346879705,4819.368213810902,0,0.4698516947897884,29,1
786.4116746589677,965.5677788245426,7141.26108673922,0,0.0629098283786107,26,0
2639.81529658231,1392.8994397913136,3552.60631488971,1,-0.42410931464801505,7,1
4399.128052446981,84.28059272889688,4860.645733962845,0,-0.01436083093435081,18,0
3729.7662269956018,263.7183189939487,5054.14734920499,0,-0.4001158604459547,19,0
3515.377130876813,1207.8559913997203,4737.660326827541,0,0.19216391047661197,15,1
3542.1720115368353,1465.8195624155144,5624.0438469532755,1,-0.1323121542895116,21,0
1861.5066409768003,1820.060616951946,1907.0934123147022,1,-0.6711889418422425,26,1
1538.6000368960174,910.4046071924446,4103.7865825908675,0,-0.7668338508886066,6,0
4065.8696618447166,2100.1965640733006,842.7561744386979,1,0.0933913641442603,8,1
4069.5556339279856,2587.3610717081533,3082.245507882052,1,0.8048260665722069,12,1
4348.654361042508,2350.560417235382,3906.4598782839025,0,-0.3120846268846289,0,0
4574.878707526709,166.87553477765357,5221.271833768325,0,0.4660002144452464,28,0
2605.5777544185953,1467.4954944105955,7604.743110163766,1,0.3173227098795339,7,1
2557.429843967278,359.5440263336159,4809.202021721363,0,0.863109828618962,23,1
4011.646376937198,764.032796794456,5951.315390250713,1,0.6419620345982817,21,1
3284.8232608110493,2960.654650138082,4055.06581536667,1,0.13321051781092597,3,1
3539.637698562746,470.361851559464,5076.491210696887,0,0.3140609964682146,2,0
3999.384080236895,1521.7200526815004,576.7484069088497,1,0.7967729331680697,26,1
4461.026174906075,1873.5594162384514,2042.5887309263574,1,-0.2009624308261304,2,0
1756.1762685725255,2122.2716631051067,2901.2062147090583,0,-0.34641058828444526,21,0
1940.3564679357257,1700.9636162863967,3785.2219065020436,0,-0.9783778327296073,12,0
560.5115052202581,78.82399988659179,374.73347656404604,0,0.6531021483829285,7,1
2933.5726908812526,1013.0608593197761,1128.7925394510082,1,0.6019614008067298,6,1
276.1171416040362,1577.2493479848988,2221.7463192525333,0,-0.7910909637996972,26,0
2381.4302888490547,309.2061724772584,7772.5462002993945,0,0.15371476226540048,0,0
2758.9587100671256,1084.3494470670832,2657.4625867533755,0,-0.07203660366622522,26,0
1504.0521354285936,147.94917093453137,3861.5080543155395,0,-0.7625818089817771,15,0
2995.082976788153,281.8065666073112,1576.8207247797595,1,0.9611364541214471,5,1
249.4512247013422,1220.9236647947084,4890.1327678953885,1,-0.5706082250732891,6,1
283.00612487115063,441.511474427028,2252.6588919726346,0,-0.8655316398188777,11,0
4130.742747232325,1724.2455023715966,1663.87070172303,1,0.18969475900381916,22,1
1864.9341429151882,2083.921658954934,4137.415301283373,0,0.47773335426606534,8,1
722.5965119942355,2411.7307623717943,53.99133529176236,0,-0.9351131079056261,26,0
2658.9919742685415,640.4432205221898,71.23562086731036,1,0.3174352774540443,10,1
3872.968410183193,544.0736176642558,1760.3597847238436,1,0.06458375190290888,9,1
1157.5230347345316,358.47512898648074,303.40368638156093,0,-0.7934699822499032,20,0
3152.163331513101,1927.4692361537282,873.1257755042241,0,-0.6549522461072759,0,0
518.2025784694631,2134.1033931363586,2717.4965882166252,1,0.13594859463216102,17,1
353.2404337261777,143.17912723564402,6422.659579842705,0,-0.40728477297342325,3,0
2703.637694683925,2811.826126418885,4580.668660520713,1,0.8766314573026321,4,1
2749.112095889522,203.3152867718436,4106.215130391767,0,0.6374804589681016,8,1
3223.4065173412123,1646.8241891381579,2354.975697432892,0,0.9671344130273261,26,1
3657.8475352410414,2141.7285323802034,7454.712218268202,1,-0.48065832209917203,16,0
4881.6751893664195,2619.3589150509524,3182.1501794851615,1,0.939447265595954,2,1
2629.8717066758572,2156.556449790662,705.8712066982142,1,-0.13753226041688427,15,1
1682.4867174121052,2415.097845055886,4940.3614637812325,1,-0.30496240937249075,4,0
3996.412354366648,1051.3780680012778,919.5687638780453,1,-0.8993009460612935,15,1
1427.0780311841636,2453.734085552211,2768.33291098552,1,-0.8944694842807948,2,0
2250.959961457617,286.33879683479165,4064.221390355293,1,0.3840225118933094,19,1
484.4362685771032,2689.7091353785563,6995.037972234555,0,-0.0841420111319442,14,0
224.2186427357418,1665.3975096535219,3953.437176917548,0,-0.5469567479277886,29,0
4816.977231921833,2461.0284213893565,5621.047540592997,0,0.22794061265046528,2,0
4196.302590509808,1384.3389393289854,7942.606543602572,1,-0.49428376349977765,19,0
3510.27360985912,1948.5542008297487,1060.598067984873,1,0.1552635086888452,13,1
2103.8694276299225,1602.887849761534,2205.1048889009608,1,-0.2815825060346193,15,1
949.1421683471443,2208.189089178229,3162.6628440251948,0,0.6471044532236381,28,1
866.5415090883216,290.80844699023925,3380.4071465252628,1,0.6413923215335586,28,1
1326.190201006517,228.03864777216322,3294.0583913717105,1,-0.04529920375519736,16,1
2791.2106570599904,778.954540329932,7261.8119104268735,0,-0.2983617813299688,27,0
3601.5200212303052,520.6568063339056,5715.120829290183,1,-0.2748804068818109,23,0
3334.967145916883,2621.761521446995,4867.162660584723,0,0.6114290513364358,19,1
1471.67609503512,696.6812627062308,2481.888015723629,0,-0.343641034404776,22,0
4778.839875249651,2928.8025046664375,6592.085169928145,1,-0.581881252586308,17,0
3715.6948918092658,1043.8425857247653,7640.933486765061,1,-0.8306233162493863,17,0
2816.3348573058634,587.2478512816629,6571.37427757631,1,-0.0666137582311832,21,0
3097.431656548326,2379.6105960703135,22.505190479868503,0,-0.03573580216031624,13,0
2156.0403058961706,1993.1879377275845,5094.846947765423,0,0.6818174208058143,17,0
1313.8818485556715,1519.67736353676,418.5716977223848,0,-0.557522607107872,14,0
1844.2661253911817,1688.3224752660121,2068.281690466438,1,-0.23801745266320018,14,1
3813.4459412754086,2171.6452459031784,485.60235577869577,1,0.6168114777873819,5,1
170.52809428580377,723.9414869273312,4834.325669065608,1,0.647247221497947,26,1
668.7559384838895,2989.185052367389,5495.853408805928,1,-0.2307778480424636,14,0
325.41294590658845,2925.6398283330104,924.7562281465819,0,-0.08175195342663821,17,0
299.5711313629537,1968.4607747234638,3076.872675529386,0,-0.39342821830143415,3,0
4291.756861653936,638.6502302409781,3655.329706554781,0,0.8651097568386241,22,1
3547.923510962116,2056.6733151723092,2958.7336438697234,0,-0.7627124685168394,7,0
2423.4517625278936,262.98530648856877,976.9897538766925,1,0.86749884600294,14,1
579.3873871899073,140.4248815071279,3357.3928435979287,1,0.36773290367068645,2,1
2508.9177880724787,810.1645211080804,6011.912601989261,1,0.06314430537346238,29,1
2420.0116768247717,1414.737722380983,577.3512396207112,0,-0.9346818784310083,14,0
948.6891625590744,2611.4038909547226,650.6383125144085,0,-0.04880761635598341,12,0
2225.873081266068,2195.1487558106087,2844.622621769514,1,-0.18450378999453543,8,1
2052.6731985471297,2240.984237539944,7534.388435835211,1,-0.6775623760497549,1,0
3117.6654804558607,1305.2053366218222,5351.895447316083,0,0.3128192070013138,23,0
3211.958889251455,1070.5082280135407,5432.572953813793,1,0.9423018147365716,7,1
321.98964788301816,1144.564350804578,2901.740726794541,0,0.12437762212905024,28,1
1935.601811669709,2963.5662130213705,4753.349721756222,0,0.42950655288789163,29,1
3166.7135869997583,168.32211466682332,90.9481603816696,0,-0.8630990948679664,19,0
2565.3676670424297,2607.7429135612233,5092.407410812242,1,-0.16466600836601053,16,0
4296.800221822779,1757.0924552885606,7307.162711134131,1,-0.7672830296710083,12,0
3327.5987949328305,1343.9154866092917,4904.462012075105,0,0.2255916710730208,0,0
898.3786926990055,2189.5100982246527,6990.851761796097,1,0.8769643164283092,1,0
445.78686226210624,1485.6733772028733,5794.544713174089,0,0.323555464943277,29,0
3247.8544632109465,2626.5985523408986,973.2617470654851,0,-0.8463939033711569,14,0
229.9054216539469,2707.0704988332127,7220.601925213876,0,-0.29066759002983433,11,0
2970.30034823997,1294.0767342766935,540.8863164026413,0,0.10132675888170306,13,1
4707.128182982292,866.6420018434021,4276.400105656632,1,-0.19358448773349557,24,1
2919.823471591807,1797.4334693504186,1145.6756191097268,0,0.6672880209503447,28,1
2002.0326384119574,2741.471869569238,103.53581973992348,0,0.6293420094199784,1,0
3252.1122703675305,671.4534575667165,3382.0537384198356,1,0.22366204020644287,17,1
2345.4391634084313,1887.7514215122742,2367.3752541567083,0,-0.2530841097345895,21,0
2773.522267648081,1913.1026492729357,3893.1439454428482,0,-0.4893272524735117,6,0
4713.177563004973,2212.683416125079,4621.827095009061,1,-0.7882513635737414,28,1
1991.9029252237938,438.1246711254164,359.47518774848936,1,-0.2902046330268919,22,1
4809.833762737179,2161.683645812161,992.7963280387277,1,-0.17365496558456095,28,1
4536.218145584712,2731.645935963641,4473.552747638899,0,0.3516458502081472,24,1
1059.3765604675525,580.0651711672139,2751.9071518495393,1,0.31631964859514694,5,1
439.8703742883107,750.752808525439,5836.09616552009,1,-0.8597837207174861,13,0
593.8122067493906,2915.6155274228367,5221.810272249598,0,-0.20948136913768445,7,0
189.28694569259366,583.8820104929948,6766.3788602893555,0,-0.6364422655652762,26,0
562.7705077040491,2570.4360254402586,5543.01768508711,0,-0.6863745893663886,21,0
3446.7331897401486,1502.2196765217027,3445.1493083472837,0,0.6546042994744918,1,0
448.82437745512203,779.3316694893723,5387.003312931515,0,-0.9161695665674849,16,0
1662.9805884394304,2618.7122087539087,2210.295582300794,1,-0.16163424819575734,4,0
4239.889023750327,1363.650502257863,2457.4448552379195,1,-0.6635926884669636,13,1
214.03248510554675,1568.711194092586,6313.991427767139,1,0.758660431356948,24,1
4090.8955646857853,1109.7384397293088,3576.8919360486416,0,0.11408102655007024,23,1
1481.0883963896597,1799.205011733036,6389.058920741636,0,-0.537238727246304,29,0
679.0076553461156,532.3954241258172,6581.1547656095445,0,0.004854574332752826,28,0
3514.012110284338,1203.690533122694,6861.923077913657,1,0.46297271940623164,19,1
3181.8199492214317,2909.7663508890982,7333.915534371246,1,0.9162360178388675,20,1
4399.6128662825595,811.4936264683263,3453.571911901237,0,-0.5591079915091621,28,0
3701.8481146390404,1987.373160396812,2557.7458783858992,1,0.7723635442586902,20,1
4037.056558885758,1009.3106894628498,4661.76798528697,0,0.8686082283349805,21,1
1481.9694055994019,2331.745720775472,2975.6676632666445,1,0.8328410890641325,2,1
969.4537645206418,436.07729911913196,4812.582592733861,1,0.27082871372381967,4,1
3778.012283040206,2910.972082981707,5647.631042524159,1,0.2596413088694154,15,1
4053.4902224095936,1388.679147081736,5510.356097752174,0,-0.19357873363235445,17,0
4953.475195803299,746.3488668720687,3002.6775672907697,1,0.5047957646075758,25,1
2121.8266168659898,266.81540462353735,1343.213011573035,1,0.06258803670186386,16,1
1922.8886203846375,550.7858200082452,3449.9294143130383,0,0.35487614245658894,10,1
3904.4235076357845,1583.333148240252,1149.3272112144507,1,-0.1430841923024091,16,1
1769.9373472397874,1044.1593704722945,7121.875311118629,0,0.4629929280862781,15,0
4660.710895457467,2495.205929353698,2773.5609112954808,0,0.6489430352090981,25,1
4306.222484030758,1321.1181948023275,1244.133380314357,0,-0.7071274867943678,22,0
2202.07073413759,783.7071041335082,213.32760164694952,0,0.665859431148456,1,0
3779.2682321783373,1870.5777104818887,5170.120866429009,0,0.08059306358061447,3,0
3797.2600830149436,2134.992789812065,5098.849516463399,1,0.6893318181804486,20,1
605.3069572960698,542.773628307802,2731.4272909845204,0,-0.13739658731797078,6,0
4522.509242729877,544.4766880505372,582.9779918927316,0,-0.24191902923392994,1,0
2575.7366249945,158.18070945395175,3282.9348702129037,0,0.8301214650344448,29,1
4149.641583927934,2222.3859444436393,2496.6277855565145,0,-0.4976614649031974,5,0
1668.2430450499976,2008.223356484325,5420.193911482725,1,0.6884246505722862,16,1
4488.063819631382,1450.161083461951,4850.1762031269955,0,-0.031958854981191775,6,0
2007.0882257973992,2540.3028244591314,2923.1038882983444,1,0.028190885102519436,24,1
153.10449225346196,2426.726951202657,1750.961508497371,0,-0.38306343702103196,4,0
4536.3716844543915,1776.7953749704188,7904.407369583179,1,0.14608440123803135,4,0
547.3047162520545,2611.400277514113,3637.472953356958,0,-0.3495776074475774,19,0
1664.636824193033,657.2315696084663,5509.311143884094,0,-0.9214611715166954,15,0
4755.303638548944,380.16287722329724,1133.0182109511027,1,-0.4560027893112879,18,1
4757.9750199940245,845.7613539751194,3889.8617002785886,0,-0.9872419131868186,8,0
2909.845651804102,218.40622546347882,230.01839175702924,1,0.9567095741137133,4,1
3196.0023396320166,1616.9501076030444,4048.586392104495,0,0.931494419639495,7,1
2297.3830576937667,2812.9867922701364,7712.499082870441,1,-0.2096894050553899,8,0
1536.732781320516,166.06344497210347,3079.811636756544,0,0.456741708679292,4,0
1710.4562723125882,410.22424632957905,321.57814047354356,0,-0.30838780317915004,9,0
3395.340434777488,1383.9871334361342,257.3367694455548,1,0.3421863141719521,24,1
3786.635194244632,2804.9313017073196,3110.0142119754873,0,0.6108600860919582,1,0
3978.737314256658,982.6605096814139,1288.5992423409205,0,0.8935124893844815,8,1
3969.128899693314,1546.3426856307576,196.58324966220545,0,-0.199575448300656,10,0
546.9099049385828,172.6399341986567,6052.1467754619125,0,0.5665959659120954,3,0
2522.659493042649,487.61244283816217,3673.5988409663064,0,-0.46814309873576243,21,0
382.037924081557,2960.5588627285983,2321.0657280615096,0,0.9806646075872967,21,1
2792.691523386304,2897.1001544863343,7201.664632301681,1,-0.9484608024712977,21,0
2263.4994567295475,64.57294375650837,937.9502920021996,1,0.2070576130022419,1,1
4449.750495515669,2857.844766998555,7647.791443353,1,0.31901196330265424,22,1
1819.4835615051857,1935.403816555726,2518.5940718450493,0,0.3760911141482577,28,1
673.6283804952687,2610.3589688340653,7108.345341746363,1,-0.759224842421822,5,0
800.6592420588956,1391.4825741198842,4827.513583070898,0,0.8770595669462609,26,1
3831.402095415614,1571.0082843087882,6615.391804334485,0,-0.6376334418998344,13,0
3129.2685102496794,1492.0974117579146,7872.265174051609,0,0.24550680647968215,0,0
595.5011130016721,2017.2495597610077,2314.3594481717782,0,-0.5546478417538301,17,0
512.1233499634875,461.9712015311231,7689.472528406668,1,-0.3855671659574582,6,0
3534.748744149688,138.42209012439997,3121.9603402703387,0,0.09291708345624872,0,0
456.5387311845483,958.3933276940132,3090.2401188480094,1,-0.16561316287084704,0,0
4127.114290522745,2128.808250073108,2729.6929629935003,0,-0.6795487980469874,0,0
3560.5869130668316,645.4676837626977,4335.846782707205,1,-0.6581271951583034,23,1
498.60902514530886,2036.6256783085062,1241.618894996112,1,-0.1637104236744007,3,0
515.7047990174403,2911.240536016448,4434.1547680105095,1,0.5145659565510015,3,1
4934.533934655759,327.00711157878425,4338.221451155932,1,0.7959292936955771,28,1
1933.9268992049895,2034.1762487641224,6097.595482712912,1,-0.8317446754812343,17,0
1916.1465206277655,1359.063146948485,6670.8631958813085,1,-0.2137921848811979,26,0
4082.7178795617624,2611.0196504136406,3529.126388996268,0,-0.7995088725542467,10,0
4741.518029180907,572.5918788697884,2425.642662318435,1,-0.9668150387348042,26,1
4931.405212732067,2093.2465590671854,2082.085829563585,0,0.3234373652879132,0,0
3791.553107768814,2522.4401044619253,1565.0444552719268,1,0.20489888393317557,27,1
1943.6719691014873,2836.6119474483685,470.6041817702088,0,-0.6739617723702276,9,0
509.15351182347695,2065.581683454455,2746.1593508893598,1,-0.5323743338138718,8,1
3908.0198880444404,1516.6655538248606,2169.279060124958,1,-0.9525844927109632,22,1
2836.1808237054447,1872.649358593581,7731.674913072595,0,0.6698944113888075,3,0
2178.687845310184,2613.2697042122186,4466.093521737851,1,0.9493811920971029,27,1
4541.136486964207,1733.2987525845476,2784.7435418537552,1,-0.7290809264106184,5,0
644.8676633001415,139.64182610566874,4647.936131939631,1,-0.5370495724694038,29,1
2513.8630110252097,2796.2986517455843,1122.181643752107,0,0.7368190478938681,15,1
155.63285936035345,2084.1039155431054,3557.9095561256013,1,0.8529275959123697,1,1
2396.4371457712186,2045.7144880428773,5013.6122281543,0,-0.16074523438637933,22,0
375.886050841003,686.2416995732657,3916.2936760216867,1,-0.8987550554618517,17,1
682.2077897135524,1993.7121371863389,3220.212617228051,1,-0.9212163326143612,9,1
675.878609207814,1211.8999966797676,7950.848627308588,0,0.14789973213802088,23,0
3281.1304803687117,1971.1372822724015,7043.714949569927,1,-0.21420978221364195,23,0
3755.6199084005743,364.44943940857263,4991.013605693926,1,-0.942695144844691,16,1
2958.506948976082,1990.6436485789563,4559.325115846439,0,0.16650478462511353,12,1
4814.645487525256,2998.2704910234665,4969.077233798426,1,-0.9773949268219551,23,1
1936.86583966615,192.22551463864028,1618.4837415012416,0,0.5747439162985459,17,1
1499.9892227811176,2932.663843452886,3167.1505686819055,0,-0.38713435459325685,21,0
4356.135728128355,1250.3784841324682,325.2816677982855,0,-0.9194839939815358,12,0
1195.619608745318,2618.7226784949144,3809.612839519745,1,0.17670444196630664,16,1
4819.790443258996,2358.0371779719067,4348.766425821729,0,-0.20463117113389062,4,0
159.55692598010006,1722.69796991067,1829.7203914646445,0,0.947600826714299,10,1
4852.4062508674315,2228.4251672914133,7712.590488852455,1,0.08839732500740438,6,1
311.483568557823,2641.6209058389763,7276.542341388564,0,-0.44952163792598343,28,0
4466.601257120548,1242.2139488705473,5779.924451292688,1,0.41887772926794953,9,1
2685.735434522869,1014.7478266115542,4271.759163835247,1,-0.45701599491457734,16,1
4965.527500984572,2019.4004874125749,6961.053585585003,1,0.8084865828151302,14,1
461.6031672034544,2433.1455287267127,1053.9122271494687,1,-0.25055605898524713,17,1
2813.885993566472,2298.7411475910167,6326.173256256331,0,0.09973712555241043,22,0
4849.582424533585,2403.5502641329717,1007.3183035951179,0,-0.8988537923515423,21,0
2663.1794364337293,1334.9707786981523,6355.743193769749,0,-0.14775752409553844,18,0
3184.0533268627864,2462.610937716314,2213.382870328342,0,0.6647270793219899,29,1
3509.168576024624,404.6167133432949,7017.9537423353295,0,0.6112976107266839,25,0
2327.251217362089,1656.242838984506,7552.896329664929,1,-0.5513628822929475,1,0
3175.034592411911,66.98804846945863,1198.879795546874,0,-0.5478418579788746,25,0
2963.140128423191,1007.5281982057974,3706.7780844724944,0,0.6346106244264735,3,0
4515.674251405846,1131.0615278706236,7848.089151519854,0,0.860796840338651,2,0
322.68726367314355,1218.7094402473033,3872.4254134254415,1,-0.8092781574539929,6,1
1476.7196290019285,2101.6282597350933,6909.744704891215,1,-0.09988272114754948,23,0
4757.016271975138,1196.2463987475198,4713.964861829246,0,-0.32509144207154206,17,0
4462.29254106549,1373.6461867364653,3008.8859642776188,1,0.7413769109148787,9,1
2332.718088649993,750.755186079266,2293.410608651703,0,-0.8329501706399625,6,0
3138.64972922753,1151.0927853065532,1633.7524977778373,0,-0.5777481148839252,7,0
1459.1677966075501,720.4454004262968,6096.767549107801,1,0.5049366751729887,5,0
1021.7936826464304,265.9279751169087,3098.458649515993,1,-0.8974123020375688,21,1
2372.1221842059126,1830.1733504750648,4095.0909429840017,0,-0.014929238571421477,25,0
1831.425917327659,2021.227755737298,3943.6805852094435,0,-0.11578593064055998,0,0
2959.914948069273,1877.4965207283628,4622.459443572719,1,-0.3311976420225027,3,0
480.8997211284257,1417.3074292116885,6925.961393540172,0,-0.21085536936215243,13,0
4874.534557564216,1170.3680515287278,7846.107355231601,1,0.059881173860465875,16,1
4932.432647950054,2596.8342662368846,3266.5978265047975,0,-0.6772652832232338,19,0
3520.992398696751,1581.2912661518433,6621.876187629361,1,0.14399175656718555,17,1
2726.87219508619,1463.5865390077063,6118.577079291194,0,0.6108646585999726,10,0
1616.685319803006,125.64409412898527,4592.49632213003,0,0.5203218595803181,28,1
4087.5955965640487,1056.681091497161,7648.816677459346,1,-0.6922001906124526,20,0
3455.1827455140083,1171.5770754182784,1611.7913790719383,0,-0.7015010605170522,25,0
896.8230027899674,1226.5272036458564,883.021040373875,0,-0.46365126451017336,13,0
4563.543204019828,1761.5084892206303,6833.156115973823,1,-0.2778505473179256,8,0
4130.432490323528,1624.1275128442915,3518.807034903649,0,-0.1830888371830348,26,0
4754.019575130428,1843.3200237406616,6777.281145114413,0,0.35939443366669055,14,0
3656.025591102964,2306.4056215492783,7145.790739511365,0,-0.8866391356683292,11,0
3105.7344600853703,2448.3079292124758,509.0361730163808,1,-0.9306545915478672,9,1
2149.3908778240325,2168.4630748681584,7068.883456258625,1,-0.21617887411218195,18,0
4670.369568434665,2868.7949030670575,3592.069252401683,1,0.3943273842759609,23,1
4343.713058552001,103.78611889526681,4088.3555871438152,0,-0.6131293140870349,18,0
321.5714835203281,627.545057766461,5016.47416363475,0,0.2830089625125034,5,0
229.19817503653482,72.31048118551925,7411.797027773393,0,-0.48034372411940107,19,0
1944.670497702443,1960.050406756079,162.7375944938146,0,0.7721722176270327,23,1
4071.711320830981,2699.1901194024613,3819.9793118593584,1,0.791379888533233,26,1
4937.653033643228,768.2727749000828,5504.89911902018,0,-0.405425591437347,5,0
837.0427664072881,2784.7519071491047,5784.428592008845,0,-0.540012492073519,7,0
3011.240505225462,227.7888013542045,5543.334127981493,0,-0.17739205586753748,0,0
1966.3651974920053,2806.586279076267,1084.1366839708937,1,-0.5189368296397026,21,1
4852.580549291556,1087.2869273569215,2402.170751089733,0,0.3447676865834073,16,1
4226.382723364973,349.1914439251887,2876.1370480819373,0,0.652129369096571,16,1
4207.810653084575,1483.3216895996607,6437.453289359245,0,0.346184261822434,23,0
2396.5964829953546,807.4908747754985,2237.2913805922785,0,0.6487008944986989,14,1
2132.6155614545596,890.3750607876724,1693.5326612989534,0,-0.20601567558505174,6,0
1439.6946524604605,956.5053965325454,7660.009672114388,1,-0.6873660585822783,18,0
376.2399335895429,2418.926398606357,80.8176480566165,0,0.4759018947951843,21,1
4337.139643649761,1640.5257661920007,7982.588636899006,0,-0.27905098971689224,24,0
4083.21494473738,968.3577125102107,5417.802177870591,0,0.342541650458265,22,0
4998.61659910204,1850.484660767209,6629.469702598445,0,-0.45871211603646866,27,0
4983.520501662137,2162.644488958421,2364.0089768060834,0,-0.8375407303866547,2,0
2821.6153574528744,854.2408021639246,124.37906855980923,0,0.9851635909755267,29,1
3868.0383343845015,1269.969849499787,5905.577453306625,0,-0.6875969841388014,29,0
4729.352076423897,409.5639753439953,6674.8153300354,0,0.9768419879269621,28,0
4263.272214319316,584.390581127307,5926.404294308618,0,0.9545598651328946,21,0
1312.0056985416686,2059.297669196699,1151.3737955337003,0,0.5876362078160793,10,1
2307.6662630194583,585.2431257020995,6029.889098833183,1,0.31884592416399515,19,1
732.8811342423254,1599.2319818178275,6153.693029040051,1,0.1556141005021694,29,1
4774.85003356774,2141.6864720811764,5271.738720203739,1,0.7322030907556694,28,1
3070.255708809312,365.2869231294943,6131.266303036734,1,-0.4211209567610241,18,0
1220.3497469669674,1723.5710479052655,6768.91230302508,0,-0.06463757503024592,8,0
3391.333353588698,806.8602119190231,4912.696872757293,1,0.23877993873300385,9,1
3128.8283782436897,2890.6342819508604,717.9516646177357,1,-0.17761904826101782,1,0
1854.9973183609184,1476.459657823778,3906.146199241015,0,-0.14502709181946405,0,0
656.4322017781822,2427.678021836716,630.4181840261244,1,-0.3394306649958312,29,1
3390.708658404718,1673.1682993609722,3266.2688179491224,1,0.12846363336907207,15,1
2649.5077344285874,178.06697192171654,3262.780848113765,0,0.701149056030232,17,1
3884.3601195046326,1917.7965580023658,537.4186546805303,0,-0.5969432439873743,22,0
2648.8011554487675,2856.639859509638,2797.07606641614,0,0.8688660775068828,25,1
4275.689351560846,1824.754869431677,896.8748093426055,1,0.37817530749645933,16,1
2804.3435099949793,2466.607135309031,6467.799327973685,1,0.6465464253600604,5,0
2848.5960605233927,2658.409066877803,7582.027327456121,0,0.11238138526002328,13,0
4395.6026530258905,722.8353272493508,587.8086373109295,0,0.559033402848127,22,1
2077.066044440746,675.5322777292686,7641.370506260694,1,-0.9675992053210656,24,0
756.6746194081396,1852.3939171104255,4185.387028700594,0,0.6367608495590704,14,1
241.03511393536095,1262.533985929779,2403.5297668514527,1,-0.919722281829267,13,1
3800.1725528007332,2527.590843456825,624.1279814565464,0,0.779826752725725,23,1
3139.5168016319767,2705.068214024133,4009.987901882638,0,0.9839254944772866,21,1
3549.9908636861956,1092.5930689430184,6358.179200481082,1,-0.41186507564644437,2,0
1143.5243913936627,748.7681489747221,5659.620953360918,0,-0.5793628874284127,23,0
768.2202303751718,2352.5502699693925,411.30583159715036,0,0.5307267277160814,22,1
171.26886177262145,860.6778048670014,592.4856645895491,0,-0.49394731815949355,18,0
1817.8790381523252,2476.7122396153513,3228.9575282347705,1,0.7311247663444069,24,1
2990.5966655877023,1300.0278482638503,2369.371047443067,0,-0.7943148156850466,11,0
2021.9958209886884,2019.272202909838,1866.7507412178222,0,-0.7480896072412835,1,0
2243.6271179162723,331.8291758122711,2255.2259462806214,0,0.9583031102012312,2,0
4530.377603019368,1890.3850077958905,6429.827118942108,0,0.3476777965400093,17,0
1806.4517884141717,1382.714652274826,7434.532148518512,0,0.6937744488579056,28,0
2618.548496883073,1780.4949663676487,3246.7705292752557,0,-0.351341245296964,0,0
3939.899762431601,545.6419128473472,7249.826907038651,1,0.35296749904120883,19,1
2043.0596333742237,2223.7775475853373,2578.750652970577,1,0.1884836546171944,20,1
3148.22483111658,2595.251378752524,3816.731520886895,0,0.206300240245894,28,1
4325.582172859052,689.3824102677881,1815.9716925498378,1,0.36506491907544314,5,1
4752.651055922446,332.3579387844771,5127.403576984993,1,0.15071834625819713,4,0
820.6600565522859,119.73382883669237,7832.059110246723,0,-0.1418752613946681,0,0
4640.279363291323,1943.8159263076348,4831.909837386595,1,-0.4481546112389063,18,1
2511.369836089737,1840.9274064619033,2868.9345320672555,1,0.537162661826404,0,1
1365.397502664896,1662.7573675065066,5186.061393464322,1,-0.5474551399936276,26,0
2349.7652055674803,734.2439335421275,992.1362209384466,1,0.38470861230882836,20,1
4902.159618898838,1203.1726879212683,7110.386051320535,1,-0.5333343547013467,20,0
2513.828660565061,1803.7051887992104,4029.6407667308927,1,0.2506603399089078,15,1
1710.8828904087902,1515.4622336345496,3600.30443889674,1,0.49415653425805783,11,1
3203.664186151956,2963.9672846339176,4691.059659743619,1,-0.5625722221869216,26,1
1276.713532013146,452.49727004236274,5002.023063687326,0,-0.8801133982773834,28,0
471.7303077324532,2100.676434440402,583.4886917498391,0,-0.7380525140116518,21,0
731.5106373621812,1242.7403659076617,5464.111597574985,1,0.21199393454205095,7,1
727.424610893085,1313.1888640305635,1943.0341257210814,1,0.6988928124514711,25,1
844.3231982102424,2166.9134086916197,5714.481533727652,0,-0.9100063575291513,15,0
780.2531459821097,2092.6866464068908,6582.053007129732,1,0.4683025180832925,27,1
3240.2862495357517,2974.2051814214556,6433.628475344637,1,-0.31736270809989575,0,0
991.2124135558097,428.7631538896694,4424.482729589034,0,-0.042943260160954955,3,0
1793.7696882869297,357.1234656832907,4166.157439562902,0,0.8577190996911312,9,1
4494.263208539458,2186.7995105297864,1151.5789311018996,0,-0.33605699052830906,10,0
2422.4120372880743,1756.2414051689068,6205.015741721053,1,-0.0693261321210279,16,0
3371.0329187530333,858.7739663514272,2178.5609497692476,1,-0.9726351704786378,24,1
944.3673688879862,284.28713851751047,3978.596428315393,0,-0.8368025599903233,26,0
1042.2161921624868,302.6918363094701,2281.3500024908585,0,-0.48281681773043195,22,0
300.2562197057464,2687.863080259149,1079.2886203675482,1,-0.9442955183578512,6,1
927.7818090536063,616.0086079202915,5040.1659981649755,0,0.26275065209650195,11,0
1465.0926612565972,1003.9461082407862,444.1129582350016,1,-0.14720328639675495,20,1
967.3513729560594,718.6363865696146,5991.675420668338,1,0.09629040545604406,6,1
534.6424154095725,1097.239102204215,2547.5184941363223,0,-0.6507056282073409,11,0
691.115768392944,254.80033610097544,11.076197105837707,0,-0.40813594112676777,14,0
2357.8159633603564,1581.2263831793975,4093.921822505466,1,0.3276489497054502,1,1
1111.0352201883834,249.45706259703397,384.346749135549,0,0.9306054472607996,13,1
1884.9223191355698,2411.0516980759667,2216.594766988987,0,-0.8991664527955816,12,0
2566.744627188799,739.4506416357774,5658.7421347711725,0,0.7807686417105322,3,0
3482.93466028389,1643.0351480833062,510.8900767587083,0,0.15376240262241692,13,1
292.6294852213848,2646.2333083063018,6716.314553924459,1,0.12783913351124743,13,1
4017.110954654309,1970.0882386892229,40.52118204207903,1,0.0005570704155206663,15,1
3176.711908505448,1622.225470326439,1982.122714923199,1,-0.8612118281916332,6,1
500.61925654947237,1006.784571690358,5929.823408655051,1,-0.8202462965276787,18,0
4380.535258123208,1032.3556435216838,2536.998496337161,0,0.20182401131817218,1,0
4612.2747626058845,2024.9865178346608,824.1201806474481,0,-0.3180828571288834,9,0
399.28200328883236,2982.7111156024444,2888.2690112154187,1,0.8345361331553613,17,1
1456.7004759212982,2002.425610055667,2170.442358212359,1,-0.18681892528105548,28,1
4050.3862709860005,1695.4610812415735,6743.2680982628335,0,-0.7134370825947178,16,0
3766.472482879926,2205.419005205776,2513.6498615052938,1,0.42943766700407204,4,1
1004.1529948462489,1422.3565562369686,6313.5704494902975,1,-0.4132931571179803,11,0
1125.8116843498806,227.41991067231638,7136.05843703777,0,0.05094061471178635,5,0
1915.3133036777717,1708.775606839834,3476.201182416471,1,0.39566557101034006,21,1
2474.1626274360046,2874.9945892908718,7280.445719396592,0,0.8005282224041408,8,0
3129.44838049845,567.143679955096,3024.771251165911,0,0.5843823896033522,19,1
1907.6768338918848,2085.514427920964,7712.986547755964,1,0.3527221357454482,0,0
2366.420109052425,642.7543815442166,723.4233009593277,0,0.3592663647902872,21,1
3762.607596855407,1630.6916691955898,5499.283939360909,1,0.8918492880641731,14,1
279.74769416392974,335.1955264578229,3955.57418325086,0,-0.4083518050069279,20,0
1336.9410272857017,1378.5942619616462,3107.31395559062,1,-0.9977758116076252,25,1
3595.412970834307,2280.681820240976,5065.3679112013215,1,-0.45609088120360264,5,0
4486.513504667277,1075.3359965049972,5633.818162158306,1,-0.564217240746512,18,0
2607.219466366764,2011.489587237293,44.86252450596961,0,0.32366917022799635,17,1
2707.356077800047,2396.577384329701,1343.9551790901178,0,0.2674231995310581,5,0
625.1428555649027,2785.1745674643853,5707.237944568206,1,0.18692276540944763,12,1
2292.3205974349275,742.1941414735879,5334.41945448987,0,-0.9675131135810926,0,0
2709.8246056296134,1227.981951637459,7728.719565978131,1,0.45755610890129494,22,1
1288.1054678101752,499.6272393247314,6090.691944103756,1,-0.35293917502901695,22,0
1419.2918316519667,2977.826331367207,7606.673934773391,0,0.3301119780132622,25,0
1948.692399212651,2784.652855376671,5623.298607263107,1,0.11315685700430667,12,1
198.3488691108592,1642.8735343276508,2391.4371470291508,0,-0.31453814914418565,6,0
1678.1879113575735,2533.998218410443,851.8657287843432,1,-0.7308474657917845,14,1
1136.0952342830687,1586.8260329525244,6256.772668126036,0,-0.8111622046790381,11,0
1704.7370256717818,1889.577779608141,5156.752279592568,1,0.6630366662244471,26,1
686.834445914331,312.91707474224904,395.0062390224369,1,0.836795084163116,25,1
4463.583675625485,2278.0477404655835,2886.803222548817,0,0.29957609352859915,0,0
3008.6030224148385,426.7547767239427,7654.830525719446,1,-0.7931317702790333,14,0
3427.601363807999,2486.8995092449586,4008.2051542245076,1,-0.19594556622351855,3,0
3966.9390691759577,2356.9828586276385,3467.50579679744,0,0.45787840021031445,12,1
2542.3667747523805,2140.7968583417805,3667.0198452227587,1,0.5596417680201362,22,1
525.9094116283761,156.67312254804824,1678.972964801258,0,-0.7635627554178228,26,0
2731.822054910884,944.2286500387194,2955.9702952097136,1,-0.9999385623092352,24,1
2975.5214783023075,826.1820812369865,2964.807915337541,0,0.42427409176121,4,0
3752.653423503217,1112.4024020409813,428.3166112979045,1,-0.28680764802758874,28,1
2215.131776525429,308.5461029533237,6142.865351858167,1,-0.4910373367634795,1,0
725.1434836982625,2814.025577941635,3337.870410911993,1,-0.9742050604209491,22,1
1490.50193841375,1683.71661010151,6579.217295663222,0,0.08059881352299936,25,0
1879.103252353312,951.2967164411695,6804.280528947964,0,0.7023014708519635,0,0
3264.994482524846,1221.095475369136,1703.832497042278,0,0.9152632925451758,15,1
2896.813692877668,1369.2474944892651,5262.254322539327,0,0.13148990122657844,22,0
1844.8739568994465,1821.753283413821,3783.531615262224,1,0.02892265547978834,5,1
4933.9247190856,1571.2543117046685,7042.452335992666,1,-0.8298872290215178,22,0
3068.296614848747,2762.206320982531,1733.7680266198684,0,0.09774560308519953,15,1
1262.411279506373,1516.0422745721992,5425.7274704772535,0,-0.24004184206921075,13,0
598.7341158399784,2976.8661437287724,4865.939456799253,0,0.21427056176715387,28,1
849.009782003227,2561.7036253480323,2369.458805798944,1,-0.2225473042469066,25,1
1305.1928690840898,665.1060173541406,1101.4412201728692,0,-0.5194017530992665,2,0
887.3387289718228,2795.255883199553,5216.60168621344,0,-0.810069449543247,14,0
1014.1784178513982,393.28087376215444,5911.393690477322,1,-0.37016311082220854,2,0
1496.9663265998508,2461.4766400490153,2531.8624766691664,1,-0.8067103314244954,22,1
949.5306169442987,1172.8387157559112,5162.212506138288,0,-0.6462060983520321,28,0
4494.150580669483,2640.024245312955,3167.095951815911,1,0.9746723171590919,1,1
493.14535374204684,2610.7672358169784,5708.522997428116,0,-0.11179288618676275,0,0
2670.1058088942477,2427.479930346982,1601.7300464034843,1,0.0637435330100331,8,1
2110.9444522493413,2380.589787105831,7122.817871063034,0,0.7472370574744307,8,0
4913.655222852171,948.8034603392204,2306.4026757599822,0,0.9911378009813756,22,1
648.9906206234565,288.71188500119393,2948.6100421716615,0,0.16542889868936306,6,1
2049.492435324134,1238.7915273572262,474.1546971219948,0,0.6249476420883433,2,0
4850.405123049308,561.8973192102005,900.9825764469983,1,-0.34611795132664946,25,1
4340.984916880503,2100.105712262262,4131.736602671502,1,-0.3885120851054178,17,1
4103.653147651472,1070.9941932864672,2148.065487056492,1,-0.1945925580108796,10,1
1363.7238525202051,2928.050092536749,6685.487003680133,1,0.34501452534729826,6,1
937.3491782113225,1940.8676281687294,127.40017535308121,0,0.36438337851019753,8,1
3376.3517776297117,2476.3176627213647,3038.96144888877,0,-0.3695211307010984,0,0
4653.94234672517,440.94778458845286,2705.3909186850506,1,-0.7335801517267426,28,1
2828.138175768256,2592.9427227042365,164.42777103163226,1,0.26479251293101713,13,1
2900.9021784025094,2772.133712014513,1003.7035080140766,1,-0.743348275622471,19,1
1471.8975589353925,1486.8326605158609,3315.0049725998956,1,0.15698501645866014,5,1
3870.515372640491,1838.4461663653835,3947.9880297350987,1,0.38684425611261797,6,1
1016.5143679318645,2306.1889126638366,3240.275080566404,0,0.4012229927889033,9,1
1686.0282583807941,565.773950418217,4252.19205051263,0,0.5069442213191935,6,1
2184.638549220442,1532.5699255671552,4765.102082496395,0,0.7457188431313291,25,1
2587.2908555538297,1226.0559319283236,89.29133081140668,1,-8.201607042312986e-05,1,0
1287.807688833893,481.8032768786349,3718.120324033496,1,0.46049837905914237,29,1
662.7004412220973,1134.2265457600176,7708.358934691831,1,0.23834547073167345,3,0
3092.038207964,251.10831268720602,4157.067918235094,1,-0.6267201204046349,20,1
1514.2897108772534,126.14512550098661,5423.562716997036,0,-0.9486207102611837,29,0
2948.0672849708003,448.74055300672717,2501.7922247558968,0,-0.43091722864613247,27,0
856.3773048435913,2891.189579188063,6194.191111440573,1,-0.11393258732476119,16,0
2457.5864990886057,1671.1121308903,6185.64264019016,0,0.2342118888573126,0,0
2709.6882195027706,2899.1753754019987,4175.1554207565705,0,0.6999186610064108,9,1
353.93533042989185,1325.8687410738894,7808.350448000917,1,-0.6075085665876687,18,0
1749.3609631502109,969.8575926015158,1013.1462159536005,1,-0.7489004202030458,14,1
758.6319170009738,1543.1184953787201,145.41184246775214,1,0.926959894948655,9,1
410.53735531656196,1346.5594814670849,6163.564111939197,1,-0.7839108812471858,18,0
4950.805138710732,361.71081857214455,6459.172743545411,1,-0.04301785978562167,11,0
1679.5338403761425,1940.4376283361084,970.4557606734041,1,0.17112745758660375,23,1
4068.3847846877106,687.3126384033188,2132.0068353392626,0,0.08274884181487652,15,1
1347.739208342443,1877.7844669485974,150.24338329936498,0,-0.8279356859341136,8,0
3439.3633388972535,1968.0932225745526,2353.5358001367117,1,-0.8859461719927613,14,1
3825.116513459464,498.4733167295119,6187.403572610186,0,-0.7890331450779287,29,0
3018.6298289784368,230.98139997647107,4148.5046164235055,1,0.17117536774522502,26,1
2410.723323895776,2353.2466789018977,2791.283789414622,1,0.08868977526864219,27,1
2118.0204793216158,1406.4112501194945,2980.196966301579,1,-0.5325184159265115,16,1
1809.454506060677,221.58319674115359,20.81546946659055,1,0.2755482836911831,13,1
4654.692806814347,2984.855635650813,2405.4062152462348,0,0.6401350041112988,26,1
4170.035098159873,220.4526549392816,5175.205345687064,1,-0.9168420803068125,17,0
4828.631862265912,2100.353925132732,7793.813606092694,0,-0.0037401129039151826,25,0
709.0563950791692,2951.8528295270703,6778.016007601357,1,0.37862082420538057,1,0
3681.2506284978567,755.5813074369805,198.5237675177777,1,-0.49537614586062584,3,0
4697.868238423085,469.63563762722873,7189.499231351966,1,-0.3844581894137018,17,0
988.0420242117348,408.08557129616526,6267.755322256021,0,0.22727580597876762,6,0
425.83171009720974,944.6616853244069,6245.205227332133,1,0.7958705868874738,12,1
3731.4911815212895,348.08514248140773,3669.386114438536,1,0.6198488406057987,14,1
2914.9182545815684,2091.875957997689,3190.0622907064776,1,0.16626043819916703,24,1
4224.961006115533,233.76080448368495,2430.296673377209,0,0.4604434355144984,22,1
784.8846454688186,1552.7952780418796,534.9019230453825,0,-0.27035505958440265,27,0
3996.809828113462,2990.2557188662818,1833.600554314656,0,0.28193105619751546,21,1
1087.9738682339482,2451.2122950427556,1980.3630434744168,1,-0.06763681774488606,25,1
901.9141200419521,1864.8973427814822,3877.775786984511,0,-0.6201277270848782,0,0
904.9024098618654,953.4481813205044,5982.080808707585,1,0.40347654775451436,10,1
4091.4161291337723,1890.4927170603335,3795.7405288995933,0,0.11292927469764402,9,1
3359.4663814113806,1604.7723185393722,472.1771510828132,0,-0.2827568360928172,24,0
2663.020581368685,1306.9459824765959,7662.740509895749,1,0.8226783801572615,4,0
1858.2693722051622,435.59561138358845,7542.367309561957,0,-0.9581317643465335,15,0
4398.28264998423,2665.482434959377,6283.664449755783,1,-0.368453697501008,10,0
2022.9810263709135,1376.8647140229014,7930.709933498122,1,-0.8862372044447069,20,0
4101.3372534107275,624.1364098712569,4360.413839074101,0,0.5330546324432544,5,0
2251.7610519940704,1134.8900850880043,7702.519118523116,1,0.4042149082275852,8,1
1947.027704182047,1271.6827699603348,614.0842745278387,1,-0.3372955625273659,12,1
2367.1309497810716,2491.2367919222793,2931.789178608357,0,0.35132580441414607,23,1
1576.7515834042963,2214.162422656136,1810.796331374059,0,-0.20812554760810031,7,0
3763.2859628636306,2319.4494362419523,1574.7063422328176,1,0.5125075828448686,13,1
2563.329911453148,82.54223006450928,1135.015561652482,0,-0.09163267452658785,23,0
1237.8422062194047,1277.6542946302964,4983.084996112313,1,-0.1754405443366689,0,0
4507.915409045386,1469.9652473242047,6252.761627420968,1,0.869459830976602,16,1
1981.0669847287359,106.61721662801722,4630.604211368682,0,-0.49824180021859954,23,0
2763.409019458544,816.448965797851,1184.2320496097952,0,-0.7591053200068691,4,0
4541.71334372628,2292.854978210298,6490.8789217684325,0,0.16908622651891636,24,0
3158.7661799785615,454.4736319005472,5091.2781102381905,0,0.9386436245683578,1,0
672.800399470984,1629.1648877851453,3111.4439919546944,1,-0.2443215725456267,24,1
4705.177405706028,684.8455224508507,5396.3010613331435,1,-0.875926472742437,27,0
3175.7694600499476,85.75628519948515,2086.6407841502346,0,-0.3213894653808651,29,0
1741.037511819722,761.5442999186473,2768.085745868742,0,0.011863308639116887,23,1
782.4331560505975,2928.8275769846587,7340.711886624602,1,-0.6761539867355726,8,0
3990.72342742445,2414.534480054819,2331.131000314649,1,0.3162044361129841,3,1
3138.356504049716,2880.7511007470484,3765.2062625819135,1,0.9954987780204012,16,1
2713.9593506839756,1489.1694295827692,7122.227687794157,1,-0.09652104803711237,16,0
4480.073656949692,373.72178609863533,5664.693588637544,0,-0.2905428865395747,20,0
3964.1263350002005,1666.4804924723942,507.003777055975,1,-0.19859166633106673,17,1
843.2069106904808,1390.4131369518846,1186.951323788973,1,-0.7697076432095977,15,1
1627.4381321981864,2540.853394081867,72.65431026761537,0,0.7665472028524476,29,1
1317.5967850908821,339.34361331352153,5051.065103931015,1,-0.17034868895729605,7,0
3745.336833606117,1490.3113542142457,3586.9106690292424,1,-0.22545117715031737,25,1
264.308930205319,492.6435608472536,1082.8560587091815,0,0.31938054586094866,10,1
2892.459455869451,1007.7939843256769,7663.893627243596,0,-0.11593315813775296,20,0
3836.047560129384,2225.203378294009,4241.981194325503,0,0.2964669376156921,20,1
4396.151620132572,1454.2534816378613,1942.7274199619847,1,-0.877107419738425,17,1
1776.2005687079466,1158.8704411800195,4009.822533526113,1,0.6274466874444549,22,1
4124.160792892862,1213.7050217816043,5440.166458553511,0,0.8810079057588052,28,0
642.0955110805154,1405.3679667976605,619.1513516087801,0,0.2975307723187719,23,1
4247.616229499139,2365.7988043193177,2204.883482232657,1,0.9091318577176215,9,1
724.6944454267139,2681.6498323736914,6457.6542721631085,0,-0.6971353712600734,12,0
2046.7077237457995,2868.2373251865884,3682.7223145172634,0,-0.045167621039292616,16,0
4006.747292319813,2371.3649894531204,4377.151364838036,0,0.20361346789089452,17,1
834.5953940089915,980.4503424566376,3468.1998576536594,1,0.16347329484237338,9,1
1223.3318366399433,2079.997382955299,360.7605417176109,1,-0.19707644182191353,15,1
3639.0375851260246,1340.9292159634063,1334.340740763046,1,-0.32383118126747723,19,1
3628.1790290757644,801.278335035851,3569.877693547708,1,-0.7463519548991624,4,0
3241.623401137957,2530.5711593064716,1681.3918686093432,1,-0.21651509887544362,12,1
3500.34737788879,163.35772943885874,409.3324389908331,1,-0.6746783697890297,17,1
2759.3497724032213,2710.197876799499,6750.7608157740715,0,0.4687313529844368,16,0
1333.8153886440684,1411.3585206429657,7849.728308021286,1,-0.58233812901082,8,0
1793.9103681692052,1929.7443565844274,6347.211563233948,1,-0.8828693894309323,13,0
989.8288123269858,1995.094070507059,6831.741524420289,0,0.10473227563446863,16,0
4551.407750534779,2690.5973350842823,1943.3972712331924,1,0.1904594654388032,28,1
2958.61979435399,1928.1755623932615,7685.409534350466,1,0.743826122561011,3,0
2064.1719421418356,1861.104075042182,1583.4363785828928,0,0.15396322483536373,17,1
2363.8284378562503,246.6235196540354,7611.92418479104,0,-0.30903829255310855,26,0
4741.688364097895,1579.303664738352,7958.6061587879485,0,0.606023763052641,19,0
851.421875268793,492.99855241027285,5696.66521791093,1,0.08055778637484212,23,1
2972.5261768823066,2225.4296177283823,7849.338417016657,0,-0.8414394307376165,23,0
2578.8545265338835,1561.0546663973896,4560.622838741158,1,0.1317011206264933,14,1
3096.1257536297744,2056.6719486646425,2083.7388475769617,1,0.8160370908433248,10,1
188.73990072211848,172.9350567770336,3501.5971264683108,1,-0.2073747490035589,11,1
4373.407153826342,300.1364473351195,4752.5518736765,1,-0.40734839620039986,8,1
4667.379584169701,2163.153994784913,593.9216805958498,0,-0.7130610859639599,12,0
2869.152599587124,262.64879119608645,4982.522684291796,0,-0.6971089561292854,14,0
3513.589036996772,260.20734690751283,7849.610915730734,1,-0.13445703131636222,26,0
4620.246967768749,85.72000194291797,1528.9601217719837,0,0.19135964832305907,14,1
3565.469308135653,2871.6791249834664,6342.834979144182,1,-0.8387691896607965,27,0
847.4413102798806,2225.6496604040703,7264.111362299159,1,0.8791371780503314,4,0
2923.8129648173845,1092.0916550810894,7550.175726633564,1,0.5102672348903918,22,1
3072.903727275994,924.7799647985829,7681.483479199524,0,0.17324783656732534,18,0
2178.2402893816916,1081.6245277502562,4176.462513384561,1,0.6568773418779816,25,1
3708.576754561142,2335.2279169844865,7818.690184852115,1,-0.8396264863757734,19,0
4678.398372368173,2001.0433026577225,6060.908555004166,0,-0.04632224453375122,25,0
4635.285713243204,596.3269252090304,1301.7547755333255,0,0.2601862537233268,24,1
2309.1129198802473,563.6225392355489,3820.43185067908,0,0.6573058122365785,25,1
654.8664246197008,340.2671666545221,5749.466091222312,0,0.5669391200985354,25,0
4925.721874915439,1997.8930231189474,1986.2491233944759,1,-0.44586150057320073,13,1
4210.600623585077,2304.899353554121,5128.51531655561,0,0.8817603391184086,27,0
710.8471378960076,831.8869635587619,5336.137827582487,1,-0.7513083171382593,16,0
4612.125224825124,111.7876350411928,1309.9709530304415,0,0.7502672372423043,17,1
4362.492174104428,292.4064190554607,4525.031646497523,0,0.9418804992092371,20,1
2642.306479917753,2905.18710279284,6175.299018719075,0,-0.6456929535547489,2,0
2997.249635150153,921.5620935583897,3996.176359642176,0,0.44413212840757055,1,0
2055.1132489636384,2319.208286122494,106.70390304109833,0,-0.9194289624440031,0,0
368.3320302279535,1892.7575281200782,82.2173679435445,0,-0.1891543497216901,9,0
1742.4664840649145,1176.7219369760428,2862.6644583203974,1,0.032566598395348034,18,1
4033.981898130256,656.7774234768875,7410.290606769938,0,0.16129045181926815,16,0
122.696912722554,408.08993357024895,1837.1274690328341,0,0.871874496497119,11,1
1734.1459412866066,1864.2882557146565,5078.56587408478,0,0.34450137458838936,0,0
2051.026598595622,2335.1696528814746,1784.3862068396313,0,-0.037444097561526,11,0
2733.238454395822,1949.5175479463355,2580.1432173797934,1,0.6193500725317787,16,1
4607.292520422527,1614.391293085017,6785.856295915857,0,0.9010656419088179,23,0
1797.09537239321,173.75610912332698,5833.602923736876,0,-0.9558677026354183,2,0
1800.0706892915157,2907.041893903432,772.240225732553,0,0.9650425445120774,10,1
3713.7561157377672,2406.206865380995,3435.329147681605,0,-0.8277357218726393,16,0
2315.8679103600552,913.825008267846,243.0664115256631,1,0.6287735585375227,22,1
1200.5636324059117,2940.9124716086094,3852.312271358042,0,-0.439330494897175,25,0
2316.953629050198,1825.5506894271502,5302.847753491534,1,-0.7356406844922565,2,0
790.1993998610193,1768.1468417113772,956.835962549231,0,-0.1202887205723302,7,0
964.2962338804942,2256.8158793171197,2318.1906618842336,1,0.28791315889522706,19,1
2542.0020864234507,2444.720874865906,3188.714637762234,1,-0.23809630995304998,3,0
2152.7347025722847,1986.611891627933,7357.052887001837,0,-0.8908691834346021,20,0
4582.74491523369,427.88245178029007,7946.107573229482,0,0.19892227931743323,21,0
1875.7301056715023,1047.8891426837704,368.8412789749707,1,0.8048065522213494,6,1
2944.8829163624127,2787.8467389618468,6090.4533087281825,1,-0.2335692681054966,13,0
3198.0950108056986,712.6160549393632,2980.0752905547224,0,-0.5673344447383459,13,0
164.1628372828348,1147.8927203206642,3145.7409079735453,1,-0.11484530813436922,3,0
3351.333122881882,1324.6268046853781,6036.577137042711,1,-0.9032745779024383,15,0
972.3762376617819,1346.244719598634,7348.227192841815,1,0.6409751689605496,23,1
4809.24455560033,1858.1717683588502,7607.9194700753615,0,0.6526816219003735,28,0
828.4473659902535,2832.0737213468874,4621.209462446183,1,0.17600092685925683,21,1
2131.6582062624166,760.0434999058896,2863.3980628110176,1,-0.29379422212322104,29,1
518.2133735853549,408.4290600877083,6302.517196011646,1,0.5995667288915667,0,0
4984.683834045142,632.5379450868151,2015.501052265779,0,0.10937404957673436,16,1
2560.7555506230888,2666.428455617345,4516.951490379807,0,0.6518646171000324,24,1
3017.3865848682144,1955.1418973328578,2875.0419075837367,1,0.26291758516604125,9,1
428.6747392032947,893.4250282555224,5256.48227892593,0,0.5688109464255946,21,0
3774.806304955971,2457.0434699574207,1930.7873140191202,1,0.19712598643551993,15,1
1128.5374061683701,2591.0414892721365,1540.827636421258,0,-0.17171786356866758,15,0
4500.466018259497,2547.21729913632,7346.730302536742,0,0.9158917198522751,25,0
1105.184238361835,2760.8332742366856,823.4114267667999,1,0.08222764975768948,7,1
1034.3698312519662,794.1110095114167,4052.603682802104,0,0.21017903708107677,28,1
279.0933724556649,2277.373689801521,1774.6137358744413,0,-0.5590247211705015,6,0
2413.128031038996,1408.591516958713,321.0504069720829,0,0.25130157885455295,27,1
2867.7215529868204,2533.8957310256815,297.79035814849686,1,0.1432152989658877,5,1
421.9723331989266,2199.0474976267587,1410.0219591255604,0,-0.6303232041059501,15,0
3900.0853218055518,2340.5199671741875,6935.495132502942,0,-0.8808258052937126,19,0
2321.1152902653353,1985.677421159161,2267.005164376443,1,0.20871863942954216,15,1
2669.512319705142,573.4148699356352,7604.168772896613,0,0.5273845387006411,6,0
2259.7374599973177,1657.829410745968,4657.162120983657,0,0.04680274184401645,8,1
2063.7389982890973,2954.775731597299,3498.547376252441,0,-0.5464547493607086,13,0
2842.2376234102676,2815.294796166501,4644.909789008942,0,0.33304395338606985,10,1
860.6772050604912,177.36252060118443,4138.420097957879,0,-0.8397885467807955,25,0
991.4478394268285,536.2037064018396,6072.622267521028,1,-0.11633259039609078,25,0
4322.749542966235,438.59988169095766,2267.1435671230897,1,-0.6732664832031596,13,1
4735.965764454801,2191.640734456622,2830.872628886416,0,-0.6310818978802333,6,0
1929.2156497707895,2462.466723077988,7153.813477240673,0,-0.5954121016835927,0,0
1426.6488984034136,679.8585306164822,7572.18754007174,0,-0.2265858859120442,25,0
3255.597761871177,1542.2654442078956,7141.540237616931,1,-0.8976995887592047,24,0
2102.7974383806722,2530.07393263304,3361.3894717189355,1,-0.20441311814180363,12,1
224.39314273568982,2211.764557060439,6245.120369024985,0,0.023414894229401684,19,0
865.1477270943327,1649.5997562009525,3815.9225090757795,0,-0.03341143006734959,2,0
3608.263921352248,1791.52568685338,3985.3434186473564,1,-0.23443179919391888,19,1
3328.7273153597416,1549.663613403026,1645.3940713676989,0,0.678293216141505,3,0
232.77036326706911,927.7679313905207,4733.131123035547,1,-0.7093466151589918,28,1
1187.6635934714523,1716.8148789340976,1497.22582304925,1,0.01139348756274794,25,1
1232.2665032815498,2082.2116410477674,2659.201945546878,0,-0.8759171660868914,10,0
3392.2744436337694,2626.3026017893826,6841.691310943282,1,-0.8576886422441805,1,0
196.58163499638437,1927.0594942387818,1664.5357155947331,0,0.1477316993541926,13,1
610.1320517244119,2295.308534277316,578.5546985357281,0,0.1320368497756419,11,1
4019.588818328628,522.2113231159904,561.3706649764023,0,0.7560670256889139,29,1
974.8688440662347,1411.59454953838,7526.868318819832,0,0.11574735132014635,16,0
3298.455928474186,77.52827848992523,4060.2942993150587,0,0.9195820408097004,11,1
1267.09562712896,777.7026503387879,3281.2024538179767,0,-0.9026103032001405,25,0
587.2628245207914,2193.0620595833643,6488.919862253269,1,-0.8039846304385179,11,0
1291.543735897325,2975.839356480622,6688.249164005023,1,-0.9118682768592372,0,0
3639.10796609273,342.57539378228694,2664.2063545936808,1,-0.62944629933292,12,1
4292.9126937208,1234.4082317908003,5552.008279215624,1,0.08254022188335619,13,1
4168.077336378259,2410.2093576625207,6171.271298656574,0,0.291144362854856,23,0
2046.1992951304287,651.9051221552515,5240.658988058976,1,-0.9088296841026624,29,0
3373.6171691961663,1687.5006004417444,1221.244647652794,1,0.8919417796911986,1,1
1104.4230475375227,2212.5603232875405,7008.3058373012855,1,0.6843307533007621,11,1
1536.423878278965,1867.157078267528,4317.365476360709,0,-0.40677503568581375,25,0
4492.045510753487,604.6729671154776,2266.9546866963296,1,-0.8456249395470641,20,1
163.70942520260658,1098.3844776229314,3407.5732016471743,0,-0.6602258535618855,27,0
518.9918011868936,2362.185764231922,310.19301228727,1,-0.7461111724900547,15,1
1118.6426502155339,1684.968216689449,1031.6557417671163,0,-0.7534324414021063,3,0
230.0077989817166,65.42735995159258,6126.718536621728,0,0.037123377331467866,7,0
989.0336319400068,2294.922742082877,10.092961695375468,1,-0.5083051150131994,1,0
2956.903648751492,154.16849707370525,3338.3609695735145,0,-0.2837205669417111,9,0
2164.98029790324,2249.914659057135,4184.856346873852,0,0.9790106667686449,8,1
4474.091384277177,647.3176524874503,446.52901580776864,1,0.3686284978506895,22,1
4105.47345251836,2876.3167663521717,7784.894522148939,1,0.8979613340940027,14,1
1774.9050233195921,1135.4252163411493,1816.7413966848787,1,-0.7148868899337688,12,1
1371.1748238133332,1014.4482681973334,2440.547769893884,0,-0.23572105033486146,22,0
1960.4928000196078,489.2197484807118,2438.5006729176685,0,0.10946360656470855,16,1
2992.445218322558,951.5324356961339,1851.0291303176257,0,-0.846483876222524,29,0
1413.5118400320937,2636.1197473931916,21.775838469628212,1,-0.9916251127440843,15,1
3158.3296484607567,2989.1862960003796,5837.464904763091,0,0.34086866759383505,27,0
2106.1170957370778,1136.5131149952026,7735.09554339629,0,0.2836390336028707,1,0
2805.031186174703,1373.4013613159007,1802.1049314475101,0,-0.17842238000077648,19,0
2237.019992763052,2180.1092676980743,5307.747062509345,0,-0.020711847935934724,19,0
1542.8822217553966,2664.2775523719697,5937.751652400134,0,-0.1691139988158208,26,0
4747.421204114567,1799.4807858510133,6788.918778933293,0,-0.9519899103102223,13,0
3841.668391382828,1205.0008096245965,3386.807284138737,0,-0.32925678756507515,2,0
786.5545612556175,1267.23443050344,2430.4179360670296,1,-0.6458354892054203,22,1
4355.493081899773,2102.07353216558,2609.1081208440187,1,-0.8031516217972625,11,1
2488.4128714226167,59.49387763262211,5703.844451457117,1,0.9134408677786996,7,1
4483.305911781048,1877.78854550653,6536.067937380032,0,0.19871945008433123,1,0
4019.2907541418444,1098.7043808020044,1461.0956023752553,0,0.45731256847320534,3,0
2183.5461718992437,2392.8821272673986,2973.818655180544,1,-0.369272513467765,13,1
210.09961076857525,324.3223874782399,7216.502172025709,0,-0.2137057410119696,15,0
1416.519060986236,1785.196687497752,6455.481222360966,1,-0.526152012206553,18,0
2754.007651838248,1468.870025164065,7879.018638072182,0,-0.8060686580691505,1,0
3204.0432771481214,1944.860301420421,6036.443594859826,0,-0.6419367251168324,11,0
1363.6496586226913,241.3181037247566,3151.6296562130988,1,0.5950280905929717,28,1
782.8447629568383,1760.9521729129872,4729.196293617156,1,0.35509161036755166,13,1
4191.158160316565,1706.3795344805949,5291.503891436089,1,0.0938577519709538,5,0
4923.570685447406,1703.9472785277042,636.8619723738203,1,-0.04982025426646386,12,1
2675.8818932831605,1830.2886164595416,4360.530703239882,1,0.8448685673122489,3,1
941.2285006566872,2045.5804148177685,5677.47341949615,0,-0.8545301044426632,21,0
1434.3058999449079,2424.717549058271,1346.8972189684723,0,-0.43879837352416806,17,0
190.11431508258698,845.9711243782323,6247.247422230202,0,-0.3001242928585719,11,0
4580.064152146445,2483.8957600311833,4674.344516307752,1,0.5648516244255757,19,1
676.9803061616916,1519.8542626771882,7618.252067723781,1,0.9850292403239427,26,1
2924.9307300198425,277.32192344627697,348.9541626730647,1,-0.5186589704856939,21,1
1442.8705813673093,222.72524126973863,2129.955839068181,1,0.7486146682741612,29,1
2815.4722123273878,1036.0030401533795,4816.4154956055945,1,0.6612455208635826,20,1
3291.959902924135,2365.4460824788293,2379.513698525386,1,-0.5506852047164668,18,1
4165.734838165288,2137.6587574857017,5718.249070929225,0,-0.20133483960155485,7,0
1111.4642316269558,2376.414145783599,6074.4522073502285,0,-0.18065426141496177,6,0
153.87956042655435,1575.9437165027475,829.1025528911309,0,0.9564413370531166,15,1
770.7395873371556,1348.5870439686971,4115.6971690120745,0,-0.6382161972422034,18,0
4510.091345055715,484.98495378353766,4076.0355391725366,0,0.5983159422095641,5,0
4382.061380056325,1018.168623147469,2960.553354022173,1,-0.33161457165378017,19,1
3027.324200634511,1330.3571302129321,7464.06965193168,1,0.4617406915523208,26,1
3042.5326161249013,311.3712675548708,6621.7754957870375,1,-0.1599779914086743,20,0
3358.679705276652,700.8052604980732,5580.702961457998,1,0.15671952623308005,10,1
959.319265254903,1814.7646174880294,5717.46981952263,1,0.6652235466522622,4,0
4580.618535032303,2220.20618700561,3699.1119890668215,1,0.6083311299677683,15,1
2151.9755719711584,2995.125158609201,7368.746223561641,0,0.7328463670794003,6,0
1977.3787884225376,2802.6843274634953,5559.81746375375,1,-0.880765349310682,26,0
2642.6967558859037,1945.567338628815,5834.558682629973,1,0.38410110607948966,4,0
330.13323719776974,1292.6817572175123,6894.910321260889,1,-0.7200252465564743,10,0
914.7885069047891,1926.7232258892866,2199.8319988441062,1,-0.168362863963178,14,1
3716.364720489215,2367.672273336684,6458.496521894957,0,0.09717683010937694,2,0
505.7134728331197,399.0917632239926,1569.9724176223713,0,-0.1945210305063385,25,0
3055.445336385302,1259.2194246040503,2769.2821984366537,1,0.03922335160601498,4,1
1302.2106374384728,2527.4167426250706,2691.527529616043,0,0.9930526175972383,22,1
2007.548508805685,1182.3072082024798,7828.418492429233,0,-0.7295653725742905,20,0
1514.5993101764293,1737.0232001202003,6853.732417745936,1,0.3509120906728511,4,0
1842.7963106782508,1783.9196145434848,5612.347194106175,1,-0.20799806722876957,8,0
3623.324935402803,594.204946744236,5819.183525306967,1,-0.7339804021853424,14,0
1555.8964065535577,1118.5945528742507,4500.9616272765425,1,-0.6825264732513809,2,0
2875.3827374547964,1036.8083017886997,7577.254430197067,1,0.8985462124912338,28,1
2432.646970775588,127.28029016959114,3975.107435530069,0,0.759202993423524,5,0
3351.988710276976,121.36570347949797,3050.3365018604572,1,0.8140839208300437,16,1
4690.465722691314,2503.5062788435316,1312.6523420834121,1,0.983065551654773,25,1
3689.6032763302264,855.5588894197966,6291.783161565853,1,-0.5833692199829641,20,0
1153.207855094708,1578.3323604045056,5878.207017283976,0,-0.2891213252718765,7,0
252.7973618002949,931.2404420868805,3080.9967578078376,1,0.3384380598497334,20,1
1385.093817069143,2825.0037730902545,211.2953775342426,1,-0.0323949202787055,24,1
3015.8818604312487,814.9254386540325,6713.588648466905,1,-0.16322093324333298,10,0
351.9864860728267,1317.4875975798584,101.22968779804832,0,-0.2843775013288139,5,0
2532.1946112860583,2624.5542389295756,5632.561239236117,1,0.18756126388690442,7,1
3024.529959692757,2533.7040220358354,7762.354306711196,1,0.151186857280164,9,1
1737.795065003108,598.9991826465181,3506.914011904146,1,-0.6770843318715198,23,1
3877.4697983545275,2417.7977638973457,1887.4375059176625,0,-0.05652032496312187,28,0
622.3314403554818,1401.6513158767834,5641.91937024662,1,0.10694355241969977,2,0
468.17513050546296,1474.7581726517978,6538.8538547045255,1,0.14057387746278094,22,1
3668.124905397656,443.7659186270342,4375.978225462,1,-0.5797856141752964,13,1
2527.9074494103725,287.7744655835177,7736.611849296608,0,0.48454278450457355,22,0
3473.1717424959065,2197.4209555726075,422.8330860471092,1,-0.9496018103578607,13,1
2230.6539591583564,1514.5603994481344,4043.3168304531796,1,-0.2903362889136747,9,1
1307.3699628716233,1338.7095727147796,5750.447039107175,1,0.5604252970712671,11,1
4113.601356603578,2202.04927452457,6902.49736448194,0,0.12778584211080468,5,0
4017.1378069479983,2308.263052023774,1442.2523391432426,0,-0.4776751349782795,11,0
3504.012707186691,518.779094624593,6402.027819291815,1,0.3899062386860954,22,1
1433.5111724268172,1850.164190959042,4426.129534991177,0,0.13478188831214677,13,1
2992.130267658527,449.2945427191723,3178.463919099806,0,0.5924872189127743,1,0
1868.7720950061314,2266.556503785685,1062.4030783469575,0,0.47005037237964675,8,1
548.7521593005074,1988.0177109880615,6923.71311368221,1,0.2202158440724693,9,1
4594.83651976499,2872.013132196201,1266.6129333559256,1,-0.023644649378371962,25,1
770.4112915029109,253.4261482514425,2485.2049950807027,0,-0.7336357486649532,16,0
4756.163033721932,218.31142739620023,2327.4638003798705,0,-0.47733396422923247,16,0
2285.428287493983,882.4518703449404,6972.598133184926,0,-0.16180105416582946,2,0
